{"sizes": [1, 2, 3, 4, 5, 6, 7, 8, 9, 10, 11, 12, 13, 14, 15, 16, 17, 18, 19, 20, 21, 22, 23, 24, 25, 26, 27, 28, 29, 30, 31, 32, 33, 34, 35, 36, 37, 38, 39, 40, 41, 42, 43, 44, 45, 46, 47, 48, 49, 50, 51, 52, 53, 54, 55, 56, 57, 58, 59, 60, 61, 62, 63, 64, 65, 66, 67, 68, 69, 70], "old_times": [1.3025000953348354e-05, 8.15399835119024e-06, 6.68199936626479e-06, 6.68199936626479e-06, 6.575999577762559e-06, 1.1956002708757296e-05, 1.121400055126287e-05, 8.809998689685017e-06, 1.1118998372694477e-05, 1.1244999768678099e-05, 1.979200169444084e-05, 1.7884998669615015e-05, 3.740099782589823e-05, 1.8732000171439722e-05, 1.935700129251927e-05, 4.198600072413683e-05, 2.6982001145370305e-05, 2.560500070103444e-05, 2.5964996893890202e-05, 5.548699846258387e-05, 7.403999916277826e-05, 6.907399802003056e-05, 3.66810018022079e-05, 6.584400034626015e-05, 3.6268000258132815e-05, 0.0001588180020917207, 0.0001595899993844796, 9.017800039146096e-05, 0.00013327600026968867, 5.119900015415624e-05, 0.00014939299944671802, 0.00013260899868328124, 0.00012340700050117448, 0.00012496400086092763, 0.000158500002726214, 0.00018383999849902466, 0.00021909200222580694, 0.00015646699830540456, 0.00023856500047259033, 0.00026396899920655414, 0.0002208279984188266, 0.0002017879996856209, 0.0002562490008131135, 0.00023143900034483522, 0.00030171999969752505, 0.0008964540029410273, 0.00028353699963190593, 0.0006872520025353879, 0.0006784629986213986, 0.0007186809998529498, 0.0006228689999261405, 0.0012737479992210865, 0.0007282120022864547, 0.0006810680024500471, 0.0005538280020118691, 0.0008322719986608718, 0.0004573599981085863, 0.0007539119978900999, 0.0006371439994836692, 0.0006827840006735642, 0.0013777880012639798, 0.0012384750007186085, 0.0011727159981091972, 0.0010617410007398576, 0.000934564999624854, 0.0016525249993719626, 0.001142368000728311, 0.00188948100185371, 0.0011014720003004186, 0.0015244380010699388, 0.001527710999653209, 0.0027403700005379505, 0.0023833520026528277, 0.00158844999896246, 0.0021972989998175763, 0.005088246998639079, 0.0024510919975000434, 0.002617458998429356, 0.0023341650012298487, 0.001879568000731524, 0.003358251000463497, 0.003627260000939714, 0.0034244130001752637, 0.0025335499994980637, 0.0030517880004481412, 0.0026452029997017235, 0.004557101001410047, 0.003717195999342948, 0.003973285998654319, 0.0052864880017295945, 0.006967244000406936, 0.005108790002850583, 0.010998091998771997, 0.003611926000303356, 0.0040966909982671496, 0.0037902069998381194, 0.005817358000058448, 0.006868796001072042, 0.0030104899997240864, 0.0052610950006055646, 0.006476774000475416, 0.006180549000418978, 0.01068617500277469, 0.007986669999809237, 0.006027911000273889, 0.006749201002094196, 0.011678639999445295, 0.010876084001210984, 0.009368811999593163, 0.007783705998008372, 0.014549161998729687, 0.008209309002268128, 0.008284874002129072, 0.015162787000008393, 0.010003976000007242, 0.012012541999865789, 0.011064666003221646, 0.017665617997408845, 0.010666881000361172, 0.008173329002602259, 0.014619709003454773, 0.021436434999486664, 0.012983054999494925, 0.01516834900030517, 0.016835845999594312, 0.018535651001002407, 0.013557575002778322, 0.02012890200057882, 0.020803496001462918, 0.01617344499754836, 0.026904120997642167, 0.020978503998776432, 0.020324523000454064, 0.0275068850023672, 0.015425210000103107, 0.029984091997903306, 0.023548749999463325, 0.027967932001047302, 0.02329896099763573, 0.03416414100138354, 0.03412890499748755, 0.026985843996953918, 0.03914705200077151, 0.034648122997168684, 0.03934014999686042, 0.03465475199845969, 0.035447443999146344, 0.045361824002611684, 0.04489942999862251, 0.039886475999082904, 0.043064350000349805, 0.04382551299931947, 0.04310343500037561, 0.0415529689998948, 0.0372032319974096, 0.05986614999710582, 0.0488614090027113, 0.039281427998503204, 0.05288297999868519, 0.0363572269998258, 0.0421159350007656, 0.06437269799789647, 0.053300987998227356, 0.07399379600246903, 0.06255173400131753, 0.06858793400169816, 0.07437120100075845, 0.06299186999967787, 0.04683688700242783, 0.07296034000319196, 0.07171806299811578, 0.08171325200237334, 0.09716786799981492, 0.07954161999805365, 0.06726822199925664, 0.09923227200124529, 0.07787729700066848, 0.11174753899831558, 0.0820130460015207, 0.08022173100107466, 0.11127688100168598, 0.10804520199963008, 0.09953512100037187, 0.07790684299834538, 0.13023154599795816, 0.12830276800013962, 0.11139110399744823, 0.09744830899944645, 0.134871051999653, 0.1260356339989812, 0.15801596099845483, 0.11121376899973257, 0.14221226900190231, 0.2005793150019599, 0.14977763700153446, 0.13901202000124613, 0.17191374100002577, 0.20577353399858112, 0.16221151200079476, 0.15699752600266947, 0.13361810100104776, 0.18740096200053813, 0.13460120799936703, 0.21089293000113685, 0.15358052399824373, 0.15807746399877942, 0.20498224800030584, 0.17647346300145728, 0.1594452889985405, 0.16216097199867363, 0.2722417860022688, 0.1879605169997376, 0.22784935600066092, 0.23030634300084785, 0.23101074499936658, 0.2578706329986744, 0.23570820299937623, 0.23287521000020206, 0.22646993400121573, 0.24948664900148287, 0.2686019069988106, 0.31834871399769327, 0.28234766999958083, 0.25367716799883056, 0.31368636999832233, 0.3040197469999839, 0.33493622899914044, 0.3564666769998439, 0.30442278100235853, 0.29307703000085894, 0.29387540799871203, 0.32641579399933107, 0.32854578100159415, 0.29198368900324567, 0.2970850990022882, 0.42135644299924024, 0.3394371519971173, 0.3293428180004412, 0.31367652399785584, 0.35380595099923084, 0.38456980300179566, 0.3607441040003323, 0.34016060199792264, 0.4302895629989507, 0.4360114570008591, 0.4056449080017046, 0.42960096699971473, 0.3928499119974731, 0.37860372900104267, 0.4041012410016265, 0.4506205890029378, 0.4417796369998541, 0.4707140730024548, 0.45013991000087117, 0.47469880399876274, 0.5559683190003852, 0.31393071899947245, 0.5016602410032647, 0.39163209900289075, 0.39843880199987325, 0.5413483020020067, 0.5784133029992518, 0.52736617499977, 0.48256684800071525, 0.5077409670011548, 0.5677818170006503, 0.5362441360011871, 0.5595133329989039, 0.5994192600010138, 0.5439424869982759, 0.55080330799683, 0.5908519010008604, 0.6649414309977146, 0.6369479139975738, 0.6649986340016767, 0.7575108700002602, 0.7438136970013147, 0.6670751099991321, 0.6080504060009844, 0.6489255690030404, 0.730351508998865, 0.726863283001876, 0.7483847980001883, 0.7693879639991792, 0.7483249240031, 0.7379000689979875, 0.8112629249990277, 0.7087502389986184, 0.7161604670000088, 0.8158316670014756, 0.8247783560000244, 0.8422449530007725, 0.7724222799988638, 0.8513552339973103, 0.8138382850011112, 0.7836520100026974, 0.9031797530005861, 0.8072374559997115, 0.8011181210022187, 0.7396813710001879, 0.8894766230005189, 0.9386011049973604, 0.8887844239980041, 0.9572638839999854, 0.9410851009997714, 0.9713867040009063, 0.8743619579981896, 1.0894721730001038, 0.9618643670000893, 0.9814365179991, 1.022418798002036, 1.0136448630000814, 1.0847768520034151, 1.0743013190003694, 1.134103917000175, 1.1225271959992824, 1.107147131999227, 1.156626853000489, 1.0382918209979835, 1.111943241001427, 1.3162909269994998, 1.2414509070003987, 1.0941386630001944, 1.0858516260013857, 1.1090830280008959, 1.126139307001722, 1.1111931160012318, 1.3126038530026563, 1.2414519029989606, 1.3105723340013355, 1.259773468998901, 1.3002466620018822, 1.2708859060003306, 1.393691666999075, 1.35856047100242, 1.4479680950025795, 1.5086289089995262, 1.4545511149990489, 1.5679519930017705, 1.428162774998782, 1.4458560279999801, 1.4678684609971242, 1.6222439129996928, 1.4412603249984386, 1.5563288230005128, 1.5587293759999739, 1.45823981400099, 1.5973845389999042, 1.5080538830006844, 1.6974419960024534],