{"sizes": [2, 4, 6, 8, 10, 12, 14, 16, 18, 20, 22, 24, 26, 28, 30, 32, 34, 36, 38, 40, 42, 44, 46, 48, 50, 52, 54, 56, 58, 60, 62, 64, 66, 68, 70], "old_times": [4.542239912552759e-05, 0.00015843299916014076, 0.0007022678000794258, 0.001656935400387738, 0.003983722800330725, 0.006913842999347252, 0.01611347120051505, 0.02585208819946274, 0.03978888560086489, 0.06257743339956505, 0.11082977499972912, 0.1468774785993446, 0.1906177487995592, 0.21359126919996924, 0.37408545360012796, 0.46524966960059827, 0.5927875802008202, 0.8106205359996238, 0.9307651128001453, 1.2196421233995351, 1.413600248000148, 2.070743943799607, 2.31968585779905, 2.650968783400458, 3.1432579461994465, 3.3176367288004256, 3.881883712200215, 4.7152176349998625, 5.654801430399675, 5.850412425200193, 6.650773935399775, 7.5673680608015275, 9.021873232799408, 10.023469085599208, 11.102509953400295], "new_times": [1.447200047550723e-05, 2.8205000126035885e-05, 9.818440084927716e-05, 0.00022432440018747002, 0.0006267969984037336, 0.0008339413994690404, 0.0024181248008972034, 0.0033244565995119045, 0.006132369000260951, 0.009847353999793996, 0.019112691000918856, 0.026260706800530897, 0.034659183999610835, 0.037339421799697445, 0.07292508980026469, 0.09711381759989308, 0.11500445939964266, 0.16548990560040694, 0.18888619479985208, 0.2470485980004014, 0.2913987843996438, 0.38182555079984015, 0.4804049970000051, 0.5313730851994478, 0.6428959458011377, 0.6755041834010627, 0.7901984015996277, 0.9713751874005538, 1.152986486399459, 1.2037794756004587, 1.3516565095997066, 1.5662847874002181, 1.8493908281998301, 2.058864208200248, 2.2511973376000243], "old_mems": [1.4625, 3.8375, 9.5859375, 16.184375, 29.2875, 40.7734375, 60.571875, 76.31875, 116.0453125, 128.75703125, 155.67265625, 181.64765625, 246.7890625, 261.321875, 297.68046875, 334.759375, 376.10703125, 421.55546875, 519.6765625, 547.53984375, 605.1328125, 657.68828125, 714.66484375, 771.07890625, 828.45390625, 1028.928125, 1072.584375, 1112.2890625, 1173.18671875, 1243.2484375, 1314.51328125, 1391.8171875, 1481.990625, 1564.05390625, 1645.92109375], "new_mems": [1.690625, 2.45625, 4.521875, 7.434375, 13.8015625, 19.8578125, 33.2765625, 35.4796875, 57.1640625, 79.3203125, 98.6296875, 105.1828125, 127.6296875, 129.3046875, 291.840625, 373.8953125, 375.303125, 456.8265625, 509.075, 598.5125, 690.03125, 803.23125, 962.2390625, 1136.8703125, 1601.1734375, 1635.9625, 1748.4109375, 1858.365625, 2049.1296875, 2108.725, 2290.7765625, 2385.81875, 2576.80625, 2719.778125, 2945.259375], "density": []}