{"sizes": [2, 4, 6, 8, 10, 12, 14, 16, 18, 20, 22, 24, 26, 28, 30, 32, 34, 36, 38, 40, 42, 44, 46, 48, 50, 52, 54, 56, 58, 60, 62, 64, 66, 68, 70], "old_times": [3.824339946731925e-05, 0.0001126384006056469, 0.00029195159950177183, 0.00046841200019116515, 0.0014131987991277128, 0.0024113466017297467, 0.003974403400206938, 0.006207911600358784, 0.01062181539964513, 0.012002132400812115, 0.0172448227989662, 0.024516603599477094, 0.02756490020037745, 0.038656596199871274, 0.04433351840052637, 0.05775067459981074, 0.06565569919985137, 0.07768615179957124, 0.09908718760052579, 0.11908494279923616, 0.15062005239960854, 0.1700091530008649, 0.20165929299982963, 0.2221827896006289, 0.25409056400094415, 0.27710297319936217, 0.33326472800035845, 0.39354542840010254, 0.4642217836000782, 0.5163370942005713, 0.5883650526011479, 0.6845428650005487, 0.7558545371997752, 0.878017837000516, 1.0235543845999928], "new_times": [8.963000436779111e-06, 2.1901799482293426e-05, 3.817899996647611e-05, 4.212480125715956e-05, 9.304839913966134e-05, 0.00012973239936400204, 0.00020822160004172475, 0.00029506559876608663, 0.00038920499864616433, 0.00040266319992952047, 0.0005919116003497038, 0.0008944616005464922, 0.0008548687997972593, 0.0014093277990468779, 0.0013675672002136708, 0.0025340855994727463, 0.0022411856007238384, 0.002623174199834466, 0.00441260079969652, 0.006187765998765827, 0.009400225600256818, 0.010363639001297997, 0.013117260399303632, 0.013666735999140655, 0.01671000179994735, 0.014778820000356064, 0.02236818839883199, 0.029470793200744083, 0.03789148360010586, 0.04477524679896305, 0.055380611801228954, 0.07030151139988447, 0.0776039177988423, 0.09690145179993123, 0.12427006680081831], "old_mems": [1.425, 3.5671875, 7.2078125, 10.5515625, 25.3109375, 36.6890625, 53.3625, 66.99375, 102.8609375, 111.23125, 130.6453125, 152.915625, 211.7625, 225.790625, 247.2109375, 277.5515625, 311.275, 343.075, 439.6109375, 459.915625, 507.184375, 544.2734375, 590.740625, 633.7484375, 677.6984375, 864.51875, 905.2828125, 938.0125, 978.209375, 1036.4796875, 1097.4546875, 1167.9609375, 1241.7109375, 1315.415625, 1389.05390625], "new_mems": [1.4109375, 2.1484375, 3.015625, 3.3125, 7.3359375, 11.3515625, 16.4953125, 20.9015625, 27.9015625, 32.7265625, 42.1609375, 53.9609375, 59.8578125, 71.4109375, 77.8234375, 90.415625, 98.9625, 115.3890625, 141.1984375, 177.596875, 182.7734375, 206.840625, 212.6765625, 252.5953125, 246.1984375, 280.009375, 324.5234375, 395.6671875, 483.7953125, 540.4890625, 538.5828125, 645.6734375, 691.5078125, 809.2390625, 803.3546875], "density": []}