{"sizes": [2, 4, 6, 8, 10, 12, 14, 16, 18, 20, 22, 24, 26, 28, 30, 32, 34, 36, 38, 40, 42, 44, 46, 48, 50, 52, 54, 56, 58, 60, 62, 64, 66, 68, 70], "old_times": [3.731299875653349e-05, 0.00017452660031267442, 0.0004542090005998034, 0.0010581936003291048, 0.0020185460001812317, 0.0034379761993477585, 0.007627623200096423, 0.012758487999963108, 0.016587763799907406, 0.02511282800041954, 0.039282486199954295, 0.0462354373987182, 0.056682620001083706, 0.09432656900025904, 0.11557217700028559, 0.18001827800035244, 0.22173316499975043, 0.28467006500068237, 0.3108395853996626, 0.4323696772007679, 0.5236663796007633, 0.7162788699999509, 0.7923274929999025, 1.039142272999743, 1.2451202388001548, 1.3586309302008885, 1.6453983738014357, 2.1633543550007746, 2.3402627949995805, 2.78255620800046, 3.3203894565995142, 3.704258447999018, 4.162003107800411, 4.567675005199272, 5.604701141000987], "new_times": [6.661999941570685e-06, 3.779920007218607e-05, 7.682620052946731e-05, 0.00011665179990814068, 0.00016804020051495173, 0.00026289160014130174, 0.0006246848002774641, 0.0011686363985063508, 0.0013194084007409402, 0.002318704200297361, 0.0037686817995563615, 0.004656968600465916, 0.005594671998551348, 0.012085689601371996, 0.014597666200279491, 0.02691313740069745, 0.03420709859856288, 0.04526768040013849, 0.050665433999529344, 0.07444201199905365, 0.095671688800212, 0.13978762199985795, 0.15064542820036878, 0.20475816579928505, 0.24945944400024017, 0.2743594037994626, 0.33023208000086013, 0.4026571338006761, 0.4858468462007295, 0.584386415998597, 0.6841993159992853, 0.781052699599968, 0.8842610150000837, 0.966184128599707, 1.4508144008003], "old_mems": [1.4125, 3.921875, 8.3421875, 15.1890625, 27.409375, 38.03125, 56.1625, 71.7484375, 107.59375, 119.4625, 141.7203125, 164.2390625, 224.9484375, 245.196875, 272.16875, 309.40078125, 347.6609375, 387.490625, 481.6453125, 510.85625, 564.1546875, 616.73984375, 664.146875, 724.0921875, 780.68359375, 975.1453125, 1020.8375, 1060.5515625, 1120.82734375, 1195.6484375, 1262.19296875, 1344.4765625, 1431.97890625, 1508.9171875, 1601.575], "new_mems": [1.2859375, 2.7921875, 4.159375, 5.740625, 9.4296875, 13.9515625, 21.2109375, 31.1421875, 37.9953125, 46.3078125, 61.9984375, 82.0609375, 93.7453125, 116.0328125, 124.7640625, 179.2046875, 164.8796875, 214.665625, 335.15625, 377.48125, 433.0, 517.49375, 605.3078125, 662.790234375, 796.3484375, 851.9640625, 956.0453125, 1069.9765625, 1341.8890625, 1665.709375, 1749.96875, 1946.1671875, 2061.5828125, 2222.68125, 2316.86875], "density": []}